{"proxies":{"de.appwerft.audionotification.TiaudionotificationModule":{"superPackageName":"org.appcelerator.kroll","methods":{"setAudioDestination":{"runOnUiThread":false,"hasInvocation":false,"args":[{"converter":"org.appcelerator.kroll.KrollConverter","defaultValueProvider":"org.appcelerator.kroll.KrollConverter","name":"destination","sourceName":"destination","type":"int"}],"apiName":"setAudioDestination","converter":"org.appcelerator.kroll.KrollConverter","defaultValueProvider":"org.appcelerator.kroll.KrollConverter","name":"__default_name__","returnType":"void"},"getAudioRoutes":{"runOnUiThread":false,"hasInvocation":false,"args":[],"apiName":"getAudioRoutes","converter":"org.appcelerator.kroll.KrollConverter","defaultValueProvider":"org.appcelerator.kroll.KrollConverter","name":"__default_name__","returnType":"void"},"isBluetootAvailable":{"runOnUiThread":false,"hasInvocation":false,"args":[],"apiName":"isBluetootAvailable","converter":"org.appcelerator.kroll.KrollConverter","defaultValueProvider":"org.appcelerator.kroll.KrollConverter","name":"__default_name__","returnType":"boolean"}},"superProxyClassName":"KrollModule","isModule":true,"genClassName":"TiaudionotificationModuleBindingGen","superProxyBindingClassName":"org.appcelerator.kroll.KrollModuleBindingGen","proxyClassName":"TiaudionotificationModule","proxyAttrs":{"propertyAccessors":[],"fullAPIName":"Tiaudionotification","name":"Tiaudionotification","proxyClassName":"de.appwerft.audionotification.TiaudionotificationModule","isTopLevel":false,"id":"de.appwerft.audionotification"},"packageName":"de.appwerft.audionotification","sourceName":"de.appwerft.audionotification.TiaudionotificationModuleBindingGen","constants":{"AUDIO_BLUETOOTH":{"proxyName":"AUDIO_BLUETOOTH","name":"AUDIO_BLUETOOTH","type":"int","value":0},"NOTIFICATION_IMPORTANCE_NONE":{"proxyName":"NOTIFICATION_IMPORTANCE_NONE","name":"NOTIFICATION_IMPORTANCE_NONE","type":"int","value":0},"AUDIO_SPEAKER":{"proxyName":"AUDIO_SPEAKER","name":"AUDIO_SPEAKER","type":"int","value":1},"AUDIO_EARPIECE":{"proxyName":"AUDIO_EARPIECE","name":"AUDIO_EARPIECE","type":"int","value":3},"NOTIFICATION_IMPORTANCE_DEFAULT":{"proxyName":"NOTIFICATION_IMPORTANCE_DEFAULT","name":"NOTIFICATION_IMPORTANCE_DEFAULT","type":"int","value":3},"NOTIFICATION_IMPORTANCE_LOW":{"proxyName":"NOTIFICATION_IMPORTANCE_LOW","name":"NOTIFICATION_IMPORTANCE_LOW","type":"int","value":2},"NOTIFICATION_IMPORTANCE_MAX":{"proxyName":"NOTIFICATION_IMPORTANCE_MAX","name":"NOTIFICATION_IMPORTANCE_MAX","type":"int","value":5},"AUDIO_HEADPHONES":{"proxyName":"AUDIO_HEADPHONES","name":"AUDIO_HEADPHONES","type":"int","value":2},"NOTIFICATION_IMPORTANCE_HIGHT":{"proxyName":"NOTIFICATION_IMPORTANCE_HIGHT","name":"NOTIFICATION_IMPORTANCE_HIGHT","type":"int","value":4},"NOTIFICATION_IMPORTANCE_MIN":{"proxyName":"NOTIFICATION_IMPORTANCE_MIN","name":"NOTIFICATION_IMPORTANCE_MIN","type":"int","value":1}},"isTitaniumSdk":false,"onAppCreate":"onAppCreate"},"de.appwerft.audionotification.NotificationProxy":{"superPackageName":"org.appcelerator.kroll","methods":{"hide":{"runOnUiThread":false,"hasInvocation":false,"args":[],"apiName":"hide","converter":"org.appcelerator.kroll.KrollConverter","defaultValueProvider":"org.appcelerator.kroll.KrollConverter","name":"__default_name__","returnType":"void"},"stop":{"runOnUiThread":false,"hasInvocation":false,"args":[],"apiName":"stop","converter":"org.appcelerator.kroll.KrollConverter","defaultValueProvider":"org.appcelerator.kroll.KrollConverter","name":"__default_name__","returnType":"void"},"release":{"runOnUiThread":false,"hasInvocation":false,"args":[],"apiName":"release","converter":"org.appcelerator.kroll.KrollConverter","defaultValueProvider":"org.appcelerator.kroll.KrollConverter","name":"__default_name__","returnType":"void"},"start":{"runOnUiThread":false,"hasInvocation":false,"args":[],"apiName":"start","converter":"org.appcelerator.kroll.KrollConverter","defaultValueProvider":"org.appcelerator.kroll.KrollConverter","name":"__default_name__","returnType":"void"},"update":{"runOnUiThread":false,"hasInvocation":false,"args":[],"apiName":"update","converter":"org.appcelerator.kroll.KrollConverter","defaultValueProvider":"org.appcelerator.kroll.KrollConverter","name":"__default_name__","returnType":"void"},"setTitle":{"runOnUiThread":false,"hasInvocation":false,"args":[{"converter":"org.appcelerator.kroll.KrollConverter","defaultValueProvider":"org.appcelerator.kroll.KrollConverter","name":"title","sourceName":"title","type":"java.lang.String"}],"apiName":"setTitle","converter":"org.appcelerator.kroll.KrollConverter","defaultValueProvider":"org.appcelerator.kroll.KrollConverter","name":"__default_name__","returnType":"void"},"setSubtitle":{"runOnUiThread":false,"hasInvocation":false,"args":[{"converter":"org.appcelerator.kroll.KrollConverter","defaultValueProvider":"org.appcelerator.kroll.KrollConverter","name":"subtitle","sourceName":"subtitle","type":"java.lang.String"}],"apiName":"setSubtitle","converter":"org.appcelerator.kroll.KrollConverter","defaultValueProvider":"org.appcelerator.kroll.KrollConverter","name":"__default_name__","returnType":"void"},"setLargeIcon":{"runOnUiThread":false,"hasInvocation":false,"args":[{"converter":"org.appcelerator.kroll.KrollConverter","defaultValueProvider":"org.appcelerator.kroll.KrollConverter","name":"path","sourceName":"path","type":"java.lang.String"}],"apiName":"setLargeIcon","converter":"org.appcelerator.kroll.KrollConverter","defaultValueProvider":"org.appcelerator.kroll.KrollConverter","name":"__default_name__","returnType":"void"}},"superProxyBindingClassName":"org.appcelerator.kroll.KrollProxyBindingGen","proxyClassName":"NotificationProxy","proxyAttrs":{"propertyAccessors":[],"fullAPIName":"Tiaudionotification.Notification","name":"Notification","proxyClassName":"de.appwerft.audionotification.NotificationProxy","isTopLevel":false,"id":"de.appwerft.audionotification.NotificationProxy","creatableInModule":"de.appwerft.audionotification.TiaudionotificationModule","parentModule":"org.appcelerator.kroll.annotations.Kroll.DEFAULT"},"packageName":"de.appwerft.audionotification","sourceName":"de.appwerft.audionotification.NotificationProxyBindingGen","isTitaniumSdk":false,"superProxyClassName":"KrollProxy","isModule":false,"genClassName":"NotificationProxyBindingGen","onAppCreate":"onAppCreate"}},"modules":{"de.appwerft.audionotification.TiaudionotificationModule":{"apiName":"Tiaudionotification","createProxies":[{"propertyAccessors":[],"fullAPIName":"Tiaudionotification.Notification","name":"Notification","proxyClassName":"de.appwerft.audionotification.NotificationProxy","isTopLevel":false,"id":"de.appwerft.audionotification.NotificationProxy","creatableInModule":"de.appwerft.audionotification.TiaudionotificationModule","parentModule":"org.appcelerator.kroll.annotations.Kroll.DEFAULT"}]}}}